id,particion
0,train
1,train
2,train
3,train
4,valid
5,train
6,valid
7,valid
8,valid
9,train
10,train
11,train
12,train
13,train
14,train
15,train
16,test
17,test
18,train
19,train
20,train
21,train
22,train
23,train
24,valid
25,train
26,train
27,train
28,train
29,train
30,train
31,train
32,valid
33,train
34,train
35,train
36,valid
37,train
38,train
39,train
40,train
41,train
42,train
43,train
44,test
45,train
46,train
47,train
48,test
49,train
50,valid
51,train
52,valid
53,train
54,train
55,train
56,train
57,train
58,train
59,test
60,train
61,train
62,valid
63,train
64,train
65,train
66,train
67,train
68,train
69,valid
70,test
71,train
72,train
73,train
74,train
75,valid
76,train
77,test
78,train
79,test
80,train
81,valid
82,train
83,test
84,train
85,train
86,train
87,train
88,train
89,valid
90,train
91,train
92,test
93,train
94,train
95,train
96,test
97,train
98,valid
99,valid
100,train
101,train
102,train
104,train
105,train
106,train
107,valid
108,test
109,train
110,valid
111,train
112,test
113,train
114,train
115,train
116,train
117,valid
118,test
119,train
120,train
121,train
122,train
123,train
124,train
125,train
126,train
127,train
128,train
129,test
130,train
131,train
132,train
133,test
134,train
135,train
136,train
137,valid
138,train
139,test
140,valid
141,train
142,valid
143,valid
144,train
145,valid
146,train
147,train
148,train
149,train
150,train
151,train
152,test
153,valid
155,valid
156,train
157,test
158,test
159,valid
160,valid
161,valid
162,train
163,test
164,test
165,train
166,train
167,train
168,train
169,train
170,test
171,valid
172,train
173,train
174,train
175,train
176,test
177,train
178,train
179,valid
180,valid
181,train
182,train
183,train
184,train
185,train
186,train
187,valid
188,train
189,train
190,train
191,train
192,train
193,train
194,train
195,test
196,valid
197,train
198,train
199,test
200,valid
201,train
202,train
203,train
204,train
205,train
206,train
208,test
209,train
210,train
211,train
212,train
213,train
214,train
215,train
216,train
217,test
218,train
219,train
220,train
221,train
222,train
224,train
225,train
226,train
227,train
228,valid
229,valid
230,train
231,train
232,test
233,train
234,train
235,train
236,train
237,test
238,train
239,train
240,train
241,test
242,test
243,test
244,train
245,valid
246,train
247,valid
248,train
249,train
250,train
251,train
252,train
253,train
254,train
255,train
256,train
257,train
258,valid
259,train
260,train
261,train
262,train
263,train
264,test
265,train
266,train
267,valid
268,train
269,valid
270,train
271,test
272,train
273,train
274,train
275,test
276,train
277,train
278,train
279,test
280,train
281,valid
282,test
283,test
284,train
285,train
286,train
287,train
288,test
289,test
290,train
291,train
292,train
293,train
294,train
295,valid
296,valid
297,test
298,train
299,train
300,train
301,test
302,train
303,test
304,train
305,train
306,train
307,train
308,train
309,train
310,valid
311,train
312,train
313,test
314,train
315,train
316,train
317,train
318,test
319,valid
320,train
321,train
322,train
323,train
324,train
325,train
327,train
328,train
329,train
330,train
331,train
332,train
333,train
334,test
335,valid
336,train
337,train
338,train
340,valid
341,valid
342,train
343,train
344,train
345,train
346,train
347,train
348,train
349,test
350,train
351,train
352,train
353,train
354,train
355,train
356,train
358,train
359,train
360,valid
361,valid
362,train
363,train
364,train
365,train
366,train
367,train
368,valid
369,train
370,train
371,train
372,train
373,test
374,train
375,train
376,train
377,train
378,train
379,train
380,train
381,test
382,test
383,train
384,train
385,test
386,train
387,train
388,train
389,train
390,test
391,test
392,train
393,test
394,train
395,train
396,train
397,valid
398,train
399,test
400,valid
401,train
402,test
403,train
404,train
405,train
406,valid
407,train
408,train
409,train
410,test
411,train
412,train
413,train
414,train
415,test
416,train
417,train
418,train
419,train
420,test
421,train
422,valid
423,train
424,train
425,valid
426,train
427,test
428,train
429,valid
430,train
431,train
432,valid
433,train
434,train
435,valid
436,train
437,train
438,train
439,train
440,train
441,train
442,train
443,test
445,test
446,train
447,valid
448,train
449,train
450,train
451,test
452,train
453,train
454,train
455,train
456,train
457,valid
458,test
459,train
460,train
461,test
462,test
463,train
464,train
465,test
466,train
467,train
468,train
469,valid
470,train
471,train
472,train
473,train
474,test
475,train
476,train
477,train
478,train
479,train
480,test
481,train
482,train
483,train
484,train
485,train
486,train
487,train
488,train
489,valid
490,train
491,train
493,train
494,train
495,test
496,train
497,valid
498,train
499,train
500,train
501,train
502,train
503,train
504,train
505,valid
506,train
507,valid
508,train
509,train
510,train
511,train
512,train
513,test
514,train
515,train
516,train
517,train
518,train
519,test
520,train
521,train
522,train
523,test
524,train
525,test
526,train
527,train
528,train
529,train
530,train
531,test
532,test
534,train
535,test
536,train
537,train
538,test
539,train
540,train
541,train
542,train
543,test
544,train
545,train
546,train
547,train
548,train
549,train
550,train
551,train
552,train
553,train
554,test
555,valid
556,train
557,train
558,test
559,train
560,train
561,test
562,test
563,test
565,train
566,valid
567,train
568,train
569,train
570,train
571,train
572,train
573,valid
574,train
575,train
576,train
577,test
578,test
579,train
580,train
581,train
582,train
583,train
584,test
585,train
586,train
587,train
588,train
589,train
590,train
591,train
592,train
593,train
594,valid
595,train
596,train
597,test
598,train
599,train
600,valid
601,train
602,train
603,train
604,train
605,train
606,valid
607,test
608,train
609,valid
610,test
611,train
612,train
613,train
614,test
615,test
616,train
617,train
618,valid
619,train
620,train
621,valid
622,test
623,valid
624,train
625,train
626,train
627,train
628,train
629,train
630,train
631,valid
632,train
633,train
634,train
635,train
636,train
637,valid
638,test
639,train
640,test
641,train
642,valid
643,train
644,train
645,train
646,train
647,train
648,valid
649,train
650,test
651,train
652,train
653,train
654,train
656,train
657,train
659,train
660,train
661,train
662,train
663,train
664,test
665,valid
666,train
667,train
668,test
669,valid
670,train
671,train
672,train
673,train
674,valid
675,train
676,train
677,test
678,train
679,train
680,train
681,train
682,test
683,train
684,test
685,train
686,test
687,train
688,train
689,valid
690,train
691,train
692,train
693,train
694,train
695,train
696,train
697,train
698,train
699,train
700,train
701,train
703,valid
704,train
705,train
706,valid
707,train
708,train
709,train
710,train
711,train
712,train
713,train
714,test
715,train
716,train
717,train
718,valid
719,train
720,train
721,train
722,test
723,train
724,valid
725,train
726,train
727,train
728,train
729,train
730,train
731,train
732,test
733,test
734,train
735,train
736,train
737,train
738,test
739,train
740,test
741,test
742,valid
743,train
744,train
745,train
746,train
747,train
748,train
749,train
750,train
751,train
752,train
753,train
754,valid
755,train
756,valid
757,train
758,train
759,test
760,train
761,train
762,train
763,train
764,train
765,train
766,test
767,train
770,train
771,test
772,valid
773,train
774,train
776,train
777,train
778,train
779,valid
780,valid
782,train
783,train
784,train
785,train
786,train
787,train
788,train
789,valid
791,valid
792,train
793,test
794,train
795,valid
796,train
797,test
798,train
799,valid
800,valid
801,train
802,train
803,train
804,train
805,train
806,train
807,test
808,train
809,valid
810,train
811,valid
812,train
813,train
814,train
815,train
816,train
817,train
818,train
819,test
820,train
821,train
822,test
823,test
824,train
826,train
827,train
828,train
829,test
830,valid
831,test
832,train
833,train
834,train
835,train
836,train
837,test
838,train
839,valid
840,train
841,train
842,train
843,train
844,train
845,valid
846,test
847,train
848,train
849,train
851,train
852,train
853,train
854,valid
855,train
856,train
857,test
858,test
859,train
860,valid
861,train
862,valid
863,train
864,train
865,valid
866,valid
867,valid
868,train
869,train
870,train
871,train
872,train
873,train
874,train
875,valid
876,train
877,valid
878,train
879,train
880,test
881,train
882,test
883,test
884,train
885,train
886,valid
887,train
888,train
889,train
890,test
891,train
892,train
893,test
894,train
895,train
896,train
897,test
898,test
899,train
901,train
902,train
903,train
904,valid
905,train
906,train
907,test
908,train
909,train
910,valid
911,valid
912,train
913,train
914,test
915,train
916,train
917,train
918,train
919,valid
920,train
921,valid
922,train
923,test
924,valid
925,train
926,train
927,test
928,train
929,valid
930,train
931,valid
932,test
933,train
934,train
935,train
936,train
937,valid
938,valid
939,train
940,train
941,valid
942,train
943,valid
944,train
945,train
946,train
947,train
948,train
949,train
950,valid
951,train
952,train
953,train
954,train
955,train
956,train
957,train
958,train
959,train
960,test
961,train
962,train
964,train
966,valid
967,valid
968,train
969,test
970,train
971,train
972,train
973,train
974,test
975,train
976,train
977,train
978,train
979,train
980,train
981,train
982,train
983,train
984,train
985,test
986,valid
987,train
988,train
989,train
990,train
991,test
992,train
993,valid
994,valid
995,train
996,test
997,train
998,valid
999,valid
1000,train
1001,test
1004,train
1005,test
1006,train
1007,train
1008,train
1009,train
1010,train
1011,train
1012,train
1013,train
1014,train
1015,train
1016,train
1017,test
1018,train
1019,train
1020,train
1021,valid
1022,train
1023,train
1024,test
1025,train
1026,test
1027,valid
1028,valid
1029,valid
1030,valid
1031,train
1032,train
1033,train
1034,train
1035,train
1036,valid
1037,train
1038,train
1039,test
1040,train
1041,train
1042,train
1044,train
1045,train
1046,valid
1047,train
1048,train
1049,valid
1050,test
1051,train
1052,test
1053,train
1054,train
1055,valid
1056,valid
1057,train
1058,test
1059,train
1060,train
1061,valid
1062,train
1063,test
1064,train
1065,train
1066,valid
1067,train
1068,train
1069,test
1070,train
1071,train
1072,train
1073,train
1074,train
1075,train
1076,train
1077,train
1078,train
1079,valid
1080,test
1081,train
1082,train
1083,train
1084,test
1085,train
1086,valid
1087,train
1088,train
1089,train
1090,test
1091,train
1092,train
1093,train
1094,train
1095,train
1096,test
1097,valid
1098,train
1099,train
1100,train
1101,train
1102,test
1103,train
1104,train
1105,train
1106,train
1107,valid
1108,valid
1109,train
1110,train
1111,valid
1112,train
1113,valid
1114,train
1115,train
1116,train
1117,valid
1118,test
1119,train
1120,train
1121,train
1122,train
1123,train
1124,train
1125,valid
1126,test
1127,train
1128,test
1129,train
1130,test
1131,train
1135,test
1136,train
1137,train
1138,train
1139,train
1141,train
1142,train
1143,test
1144,train
1145,train
1146,valid
1147,test
1148,train
1149,train
1150,train
1151,valid
1153,test
1154,valid
1155,train
1156,test
1157,test
1158,train
1159,valid
1160,train
1161,train
1162,test
1165,train
1166,train
1167,train
1168,train
1169,train
1170,train
1171,valid
1172,train
1173,test
1174,train
1175,train
1176,train
1177,test
1178,train
1179,train
1180,train
1181,valid
1182,train
1183,train
1184,train
1185,train
1186,valid
1187,train
1188,train
1189,train
1190,test
1191,train
1192,train
1193,valid
1194,train
1195,train
1196,train
1197,valid
1199,train
1200,test
1201,valid
1202,train
1203,train
1204,test
1205,train
1206,train
1207,train
1208,train
1209,train
1210,train
1211,train
1212,train
1213,test
1214,train
1215,train
1216,train
1217,train
1218,train
1219,train
1220,train
1221,test
1222,train
1223,train
1224,train
1226,test
1227,train
1228,test
1229,train
1230,train
1231,test
1232,test
1233,train
1234,train
1235,test
1237,train
1238,test
1239,train
1240,train
1241,train
1242,train
1243,test
1244,train
1245,valid
1246,train
1247,test
1248,test
1249,train
1252,train
1253,train
1254,train
1255,test
1256,train
1257,train
1258,train
1259,train
1260,train
1261,train
1262,train
1263,test
1264,train
1265,train
1266,test
1267,test
1268,train
1269,valid
1270,train
1271,valid
1272,train
1273,train
1274,train
1275,train
1276,train
1277,train
1278,train
1279,train
1280,train
1281,train
1282,valid
1283,valid
1284,train
1285,valid
1286,test
1287,train
1288,test
1289,valid
1290,train
1291,train
1292,test
1293,train
1294,train
1295,train
1296,train
1297,train
1298,train
1299,test
1300,test
1301,train
1302,valid
1303,train
1305,valid
1306,valid
1307,train
1308,train
1309,train
1310,train
1311,train
1312,valid
1313,train
1314,train
1315,train
1316,train
1317,train
1318,test
1320,train
1321,train
1322,train
1323,train
1324,train
1325,train
1326,train
1327,train
1328,train
1329,train
1330,valid
1331,train
1332,train
1333,train
1334,train
1335,train
1336,test
1337,train
1338,train
1339,train
1340,test
1341,train
1342,train
1343,train
1344,train
1345,train
1346,train
1347,test
1348,train
1349,valid
1350,train
1351,train
1352,test
1353,train
1354,train
1355,train
1357,train
1358,train
1359,train
1360,train
1361,train
1362,train
1363,train
1364,train
1365,train
1366,train
1367,train
1368,valid
1369,train
1370,train
1371,test
1372,valid
1373,valid
1374,valid
1375,train
1376,train
1377,train
1378,train
1379,test
1381,test
1382,train
1383,test
1384,valid
1385,train
1386,valid
1387,train
1388,train
1389,train
1390,valid
1391,valid
1392,valid
1393,train
1394,train
1395,train
1396,valid
1397,train
1398,train
1399,train
1400,train
1401,train
1402,valid
1404,test
1405,valid
1406,valid
1407,train
1408,train
1409,train
1410,valid
1411,train
1412,train
1414,test
1415,train
1416,train
1417,train
1418,train
1419,train
1420,train
1421,train
1422,train
1423,train
1424,train
1425,valid
1426,train
1428,train
1429,train
1430,test
1431,train
1432,train
1433,train
1434,valid
1435,train
1436,train
1437,train
1438,train
1439,train
1440,test
1441,train
1442,train
1443,train
1444,train
1445,test
1446,test
1447,valid
1448,train
1449,train
1450,test
1451,train
1452,train
1453,train
1454,test
1455,train
1456,train
1457,train
1458,valid
1460,train
1461,train
1462,train
1463,train
1464,valid
1465,valid
1466,test
1468,train
1469,train
1470,test
1471,valid
1472,train
1473,train
1474,train
1475,train
1476,train
1477,valid
1478,train
1479,train
1480,train
1481,train
1482,train
1484,train
1486,train
1487,train
1488,train
1489,train
1490,train
1491,train
1492,test
1493,train
1494,valid
1495,train
1496,test
1497,train
1498,train
1499,test
1500,test
1501,train
1502,valid
1503,train
1504,test
1505,train
1506,valid
1507,train
1509,train
1510,test
1511,train
1512,test
1513,train
1514,test
1515,train
1516,test
1517,train
1518,train
1519,train
1520,train
1521,valid
1522,train
1523,train
1524,test
1525,train
1526,train
1527,train
1528,train
1529,valid
1530,train
1531,train
1532,train
1533,train
1534,train
1535,train
1536,train
1537,train
1538,valid
1539,test
1540,test
1541,train
1542,test
1543,test
1544,train
1545,train
1546,test
1547,train
1548,train
1549,train
1550,train
1551,test
1552,train
1553,train
1554,train
1555,valid
1556,train
1557,train
1558,train
1559,train
1560,test
1561,train
1562,train
1563,train
1564,valid
1565,test
1566,train
1567,test
1568,valid
1570,valid
1571,valid
1572,train
1573,train
1574,train
1575,test
1576,train
1577,train
1578,valid
1579,test
1580,train
1581,valid
1582,train
1583,train
1584,train
1586,test
1587,test
1588,train
1589,train
1590,train
1591,train
1592,valid
1593,train
1595,train
1596,train
1597,train
1598,valid
1599,train
1600,test
1601,train
1602,test
1603,valid
1604,train
1605,train
1606,valid
1607,train
1608,train
1609,train
1610,train
1611,train
1612,train
1613,train
1614,valid
1615,train
1616,train
1617,train
1618,train
1619,test
1620,valid
1621,train
1622,train
1624,train
1625,train
1626,train
1627,test
1628,valid
1629,train
1630,train
1631,train
1632,train
1633,valid
1634,train
1635,train
1636,train
1637,train
1638,valid
1639,train
1640,train
1641,valid
1642,train
1643,valid
1644,train
1645,train
1646,train
1647,valid
1648,train
1649,test
1650,test
1651,train
1652,train
1653,train
1654,train
1656,train
1657,train
1658,train
1659,train
1660,train
1661,train
1662,train
1663,train
1664,train
1665,valid
1666,valid
1667,train
1668,train
1669,test
1670,test
1671,train
1672,test
1673,train
1674,train
1675,train
1676,train
1677,train
1678,test
1679,train
1681,test
1682,train
1683,train
1684,train
1685,train
1686,train
1687,train
1688,test
1689,train
1690,train
1692,train
1693,train
1694,train
1695,train
1696,train
1697,valid
1698,train
1699,train
1701,train
1702,train
1703,train
1704,train
1705,valid
1706,test
1707,train
1708,train
1709,train
1710,train
1711,train
1712,train
1713,train
1714,train
1715,train
1716,train
1717,train
1718,train
1719,train
1720,valid
1722,train
1723,test
1724,train
1725,train
1726,test
1727,train
1728,train
1729,train
1730,train
1731,train
1732,train
1733,train
1734,train
1735,train
1736,train
1737,train
1739,train
1740,valid
1741,test
1742,train
1743,train
1744,train
1745,train
1746,train
1747,train
1748,train
1749,train
1750,train
1751,train
1752,train
1753,train
1754,train
1755,valid
1756,train
1757,valid
1758,train
1759,train
1760,train
1761,test
1762,train
1763,train
1764,train
1765,valid
1766,train
1767,train
1768,valid
1769,test
1770,test
1771,train
1772,valid
1773,train
1774,train
1775,train
1776,train
1777,test
1778,train
1781,train
1782,valid
1783,train
1784,train
1786,test
1787,train
1788,train
1789,valid
1790,train
1791,train
1792,train
1793,train
1794,train
1795,test
1796,train
1797,train
1798,valid
1799,test
1800,train
1801,valid
1802,train
1803,train
1804,train
1805,train
1806,test
1807,train
1808,train
1809,train
1810,train
1811,train
1812,train
1813,train
1814,train
1815,train
1816,train
1817,train
1818,train
1819,train
1820,train
1821,train
1822,train
1823,test
1824,train
1825,train
1827,valid
1828,train
1830,train
1831,train
1832,train
1833,valid
1834,train
1835,train
1836,valid
1837,test
1838,test
1839,train
1840,valid
1841,train
1842,valid
1843,train
1844,train
1845,train
1846,train
1847,train
1848,test
1849,train
1850,train
1851,train
1852,valid
1853,train
1854,valid
1855,valid
1856,train
1857,train
1858,train
1859,train
1860,train
1861,train
1862,test
1863,train
1864,train
1865,train
1866,train
1867,train
1868,valid
1869,train
1870,train
1871,train
1872,train
1873,train
1874,train
1875,train
1878,train
1879,train
1881,train
1882,train
1883,train
1884,train
1885,train
1886,test
1887,test
1888,train
1889,train
1890,valid
1891,valid
1892,train
1893,train
1895,valid
1896,valid
1897,valid
1898,train
1899,train
1900,train
1901,train
1903,train
1904,train
1905,train
1906,test
1907,train
1908,train
1909,train
1910,valid
1911,train
1912,train
1913,train
1914,train
1915,train
1916,train
1917,train
1918,train
1919,train
1920,train
1921,train
1922,train
1923,valid
1924,train
1925,train
1926,train
1927,train
1928,train
1929,test
1930,train
1931,test
1932,valid
1933,valid
1934,train
1935,train
1936,train
1937,train
1938,train
1939,train
1940,test
1941,train
1942,train
1943,train
1944,train
1945,train
1946,train
1947,test
1948,train
1950,valid
1951,train
1952,train
1953,train
1954,train
1955,train
1956,test
1958,train
1959,train
1960,train
1962,valid
1963,train
1965,test
1966,test
1967,train
1968,valid
1969,train
1970,train
1971,valid
1972,valid
1973,train
1975,train
1976,valid
1977,train
1978,train
1979,train
1980,train
1982,train
1983,train
1985,train
1986,valid
1987,test
1990,train
1991,test
1992,train
1993,valid
1994,train
1995,train
1997,train
1998,train
1999,valid
2000,train
2001,train
2002,train
2003,test
2004,valid
2005,train
2006,train
2007,train
2008,train
2009,valid
2010,valid
2011,train
2012,train
2013,train
2014,train
2015,test
2016,valid
2017,train
2018,train
2019,train
2020,test
2021,train
2022,train
2023,valid
2024,valid
2025,train
2026,valid
2027,valid
2028,valid
2029,train
2030,test
2031,test
2032,train
2033,valid
2034,test
2035,test
2036,train
2037,train
2038,train
2039,train
2040,test
2041,test
2042,train
2043,train
2045,valid
2046,train
2047,train
2048,test
2049,train
2050,valid
2051,train
2052,train
2053,test
2054,train
2055,train
2056,train
2057,valid
2058,train
2059,train
2060,train
2061,train
2062,train
2063,train
2064,test
2065,train
2066,test
2067,train
2068,train
2069,train
2071,train
2072,valid
2073,train
2074,train
2075,train
2076,test
2077,train
2078,test
2079,train
2080,train
2081,train
2082,train
2083,train
2084,train
2085,train
2086,train
2087,train
2088,test
2089,train
2090,valid
2091,train
2092,train
2093,train
2094,train
2096,train
2097,train
2098,train
2099,train
2100,train
2101,train
2102,train
2103,train
2104,train
2105,train
2106,train
2107,train
2108,train
2110,train
2111,train
2112,train
2113,valid
2114,test
2115,train
2116,train
2117,valid
2118,train
2119,train
2120,test
2121,train
2122,valid
2123,train
2126,valid
2127,train
2128,train
2129,train
2130,train
2131,train
2132,train
2133,train
2134,train
2136,train
2137,train
2138,train
2139,valid
2140,train
2141,valid
2142,train
2143,train
2144,train
2145,train
2147,train
2148,train
2149,train
2150,valid
2151,train
2152,train
2153,train
2154,train
2155,train
2156,train
2157,train
2158,train
2159,valid
2160,train
2161,train
2162,test
2164,train
2165,test
2166,train
2167,train
2168,train
2169,train
2171,train
2172,train
2173,train
2174,valid
2175,train
2177,train
2178,train
2179,test
2180,train
2181,train
2182,train
2183,valid
2184,train
2185,train
2186,train
2187,train
2188,train
2189,train
2190,valid
2191,train
2192,train
2193,valid
2194,train
2195,train
2196,train
2197,valid
2198,test
2199,train
2200,train
2201,test
2202,test
2203,train
2204,train
2205,train
2206,train
2207,train
2208,train
2209,train
2210,test
2211,train
2212,valid
2213,train
2214,valid
2215,train
2217,train
2218,valid
2219,train
2220,train
2221,valid
2222,train
2223,train
2224,train
2225,train
2226,train
2227,valid
2228,train
2229,train
2230,valid
2231,valid
2232,valid
2233,valid
2235,test
2236,test
2237,valid
2238,test
2239,train
2240,train
2241,train
2242,train
2243,valid
2244,train
2245,valid
2246,train
2247,train
2248,train
2249,train
2250,train
2251,train
2252,train
2253,valid
2254,train
2255,train
2256,train
2257,train
2258,valid
2259,train
2260,train
2261,train
2262,train
2263,test
2264,test
2267,train
2268,train
2269,train
2270,test
2271,train
2272,train
2273,train
2274,train
2275,train
2276,test
2278,valid
2279,train
2280,test
2281,train
2282,train
2283,test
2284,train
2285,valid
2286,train
2287,train
2288,train
2289,valid
2290,train
2291,valid
2292,valid
2293,train
2294,train
2295,train
2296,train
2297,train
2298,train
2299,test
2301,train
2302,test
2303,train
2304,train
2305,train
2306,train
2307,train
2309,train
2310,train
2312,train
2313,test
2314,train
2315,train
2316,test
2317,train
2318,train
2319,test
2320,train
2321,train
2323,train
2324,train
2325,train
2326,train
2328,test
2329,train
2330,test
2331,train
2332,test
2333,test
2334,test
2335,train
2336,valid
2337,test
2338,train
2339,train
2340,train
2341,valid
2342,train
2343,train
2346,train
2347,test
2348,test
2349,test
2350,train
2352,train
2353,valid
2354,train
2355,train
2356,train
2357,train
2358,train
2359,train
2360,valid
2361,train
2362,train
2364,train
2365,train
2366,test
2367,train
2368,train
2369,train
2370,test
2371,test
2372,train
2373,train
2374,train
2375,train
2376,train
2377,train
2378,train
2379,train
2380,train
2381,train
2382,test
2383,test
2384,test
2386,train
2387,train
2388,train
2389,train
2390,train
2391,test
2392,valid
2393,train
2394,train
2395,train
2396,train
2397,valid
2398,test
2399,train
2400,valid
2401,train
2402,train
2403,valid
2404,train
2405,train
2406,valid
2407,test
2408,train
2409,train
2410,train
2411,test
2412,train
2414,test
2415,valid
2416,test
2417,train
2418,test
2419,test
2420,train
2421,train
2422,train
2423,train
2424,train
2425,valid
2426,test
2427,train
2428,train
2429,train
2430,train
2431,train
2432,train
2433,train
2434,train
2435,train
2436,train
2437,train
2438,test
2439,test
2440,train
2441,train
2442,train
2443,valid
2444,train
2445,train
2446,train
2448,train
2449,test
2450,test
2451,train
2452,train
2453,train
2454,train
2455,train
2456,train
2457,train
2458,test
2459,valid
2460,train
2461,test
2462,valid
2463,train
2464,valid
2465,train
2466,train
2467,train
2468,train
2469,train
2470,valid
2471,valid
2472,valid
2474,train
2475,test
2476,test
2478,train
2479,valid
2480,valid
2481,train
2482,test
2483,test
2484,train
2485,train
2486,train
2487,test
2488,test
2489,valid
2490,train
2491,train
2492,valid
2493,train
2494,train
2495,train
2496,test
2497,train
2498,test
2499,train
2500,test
2501,train
2502,train
2503,test
2504,test
2505,train
2506,train
2507,test
2508,train
2510,test
2511,valid
2512,train
2513,train
2514,valid
2515,train
2516,train
2517,train
2520,train
2521,train
2523,train
2525,train
2527,train
2528,train
2529,train
2530,valid
2531,train
2532,train
2533,train
2534,train
2535,train
2536,test
2537,train
2538,train
2539,train
2540,train
2541,test
2542,valid
2543,train
2544,train
2545,train
2546,train
2547,train
2548,train
2549,train
2550,train
2551,train
2552,train
2553,valid
2554,train
2555,train
2556,train
2557,train
2558,train
2559,train
2560,train
2561,test
2562,train
2563,train
2566,test
2567,train
2568,train
2569,valid
2570,train
2571,train
2572,train
2573,train
2574,train
2575,train
2576,test
2577,valid
2578,train
2579,valid
2580,test
2581,train
2582,train
2583,train
2584,train
2585,train
2586,valid
2587,valid
2588,test
2589,train
2590,train
2591,valid
2592,train
2593,train
2594,train
2595,train
2597,valid
2598,valid
2599,valid
2600,train
2601,train
2602,train
2603,test
2604,train
2605,valid
2606,train
2607,valid
2608,test
2609,train
2610,train
2612,train
2613,train
2614,valid
2615,train
2616,train
2617,train
2619,train
2620,train
2621,train
2622,train
2623,train
2624,test
2625,train
2626,train
2627,valid
2628,train
2629,train
2630,train
2631,train
2632,valid
2633,valid
2634,train
2635,train
2636,train
2637,train
2638,train
2639,train
2640,test
2641,test
2642,train
2643,train
2645,valid
2647,train
2648,test
2649,valid
2650,train
2651,train
2652,train
2653,train
2654,test
2655,train
2656,valid
2657,test
2658,train
2659,valid
2661,test
2662,test
2663,train
2664,train
2665,train
2666,train
2667,train
2668,test
2669,train
2670,test
2671,train
2672,train
2673,train
2674,train
2675,test
2676,train
2677,train
2678,test
2679,train
2680,train
2682,test
2683,valid
2684,train
2685,train
2686,train
2687,train
2689,valid
2690,train
2691,test
2692,train
2693,valid
2694,train
2695,train
2696,train
2697,train
2698,test
2699,valid
2700,train
2701,train
2702,train
2703,train
2704,train
2705,train
2706,test
2707,train
2708,test
2709,train
2710,train
2711,train
2713,train
2714,train
2715,test
2716,train
2717,train
2718,train
2720,train
2722,train
2723,train
2724,train
2725,train
2726,train
2727,train
2729,train
2730,train
2731,train
2732,valid
2733,train
2734,train
2735,train
2736,train
2737,train
2738,valid
2739,valid
2741,test
2743,train
2744,test
2745,train
2746,train
2747,train
2748,train
2749,train
2750,train
2751,train
2752,train
2753,train
2754,valid
2755,train
2756,train
2757,test
2758,train
2759,valid
2760,train
2763,train
2765,train
2766,train
2767,valid
2768,train
2769,valid
2770,valid
2771,train
2772,train
2773,train
2774,train
2775,train
2776,test
2777,train
2778,train
2779,train
2780,valid
2781,train
2782,test
2783,train
2784,train
2785,train
2786,test
2787,train
2788,train
2789,train
2790,train
2791,valid
2792,train
2793,test
2794,train
2795,valid
2796,train
2798,train
2800,train
2801,train
2802,train
2803,train
2804,train
2805,train
2806,train
2807,test
2809,train
2810,train
2811,train
2812,train
2814,train
2815,train
2816,test
2817,train
2818,train
2819,valid
2820,test
2821,train
2822,train
2823,test
2824,train
2825,train
2826,valid
2828,train
2830,train
2832,test
2833,train
2834,train
2835,train
2836,train
2837,test
2838,train
2839,train
2840,train
2841,train
2842,train
2844,train
2845,valid
2846,train
2847,train
2848,train
2850,train
2851,train
2852,train
2853,train
2854,valid
2855,train
2856,train
2857,train
2858,train
2859,train
2861,train
2862,train
2863,train
2864,train
2865,train
2867,train
2868,valid
2869,train
2871,train
2872,test
2873,valid
2874,train
2875,test
2876,train
2877,train
2878,test
2879,train
2880,train
2882,train
2883,test
2884,train
2885,test
2886,train
2887,train
2888,test
2889,train
2890,train
2891,train
2892,train
2893,train
2894,train
2895,train
2896,train
2897,train
2898,valid
2900,test
2901,train
2902,test
2903,train
2904,train
2905,train
2906,valid
2907,train
2908,valid
2909,valid
2911,valid
2913,train
2914,valid
2915,test
2916,train
2917,train
2918,train
2919,train
2920,train
2921,train
2922,train
2923,train
2924,train
2925,train
2926,train
2927,train
2928,valid
2929,train
2930,train
2931,train
2932,train
2933,train
2934,train
2935,train
2936,test
2937,train
2938,train
2939,train
2940,train
2942,train
2943,train
2945,train
2946,train
2947,train
2948,test
2949,train
2950,train
2951,train
2952,train
2953,train
2954,test
2955,test
2956,valid
2957,test
2958,train
2960,train
2961,valid
2962,train
2963,train
2964,train
2965,valid
2966,train
2967,valid
2969,valid
2970,valid
2971,train
2973,train
2974,valid
2975,test
2976,train
2977,train
2978,train
2979,train
2980,train
2981,test
2983,valid
2984,train
2985,train
2986,train
2987,test
2988,train
2989,train
2990,train
2993,train
2994,train
2995,train
2996,train
2997,train
2998,train
2999,test
3000,train
3001,valid
3002,train
3003,train
3006,train
3007,test
3008,train
3010,train
3011,train
3012,train
3013,train
3014,train
3015,train
3016,train
3017,valid
3018,train
3019,train
3020,test
3021,train
3022,train
3023,valid
3024,train
3025,train
3026,train
3027,valid
3028,test
3029,valid
3030,valid
3031,train
3032,train
3033,train
3034,train
3035,valid
3037,train
3038,train
3039,train
3041,train
3042,valid
3043,train
3044,test
3045,train
3046,train
3047,train
3048,test
3049,train
3050,train
3052,test
3053,train
3054,train
3055,train
3057,train
3058,test
3059,train
3060,train
3061,train
3062,train
3063,train
3064,train
3065,train
3066,train
3067,test
3068,valid
3069,test
3070,train
3071,train
3072,train
3073,train
3074,train
3075,train
3076,train
3077,train
3078,train
3079,train
3080,train
3081,train
3082,test
3083,test
3084,valid
3085,train
3086,test
3087,train
3088,train
3089,train
3091,train
3092,train
3093,valid
3094,train
3095,train
3096,valid
3097,train
3098,test
3099,train
3100,train
3102,train
3103,train
3104,test
3105,valid
3106,valid
3107,train
3108,test
3109,train
3110,train
3111,train
3112,valid
3113,train
3114,test
3115,train
3116,train
3117,test
3118,train
3119,train
3120,train
3121,train
3122,test
3124,train
3126,train
3127,train
3128,train
3129,train
3130,train
3131,train
3132,train
3133,train
3134,valid
3135,train
3137,train
3138,train
3139,train
3140,train
3141,valid
3142,train
3143,train
3144,train
3145,valid
3146,train
3147,train
3148,valid
3149,train
3150,valid
3151,train
3152,valid
3154,train
3157,test
3158,train
3159,test
3160,train
3161,train
3162,train
3163,train
3164,test
3166,train
3169,train
3170,valid
3171,train
3172,train
3173,train
3174,train
3175,test
3177,valid
3178,train
3179,train
3180,test
3181,train
3182,train
3183,train
3184,train
3185,valid
3186,train
3187,train
3190,train
3191,test
3192,valid
3193,valid
3194,train
3195,train
3196,train
3197,train
3198,train
3199,train
3200,train
3201,train
3203,test
3204,train
3205,valid
3206,train
3207,train
3208,train
3209,train
3210,valid
3211,train
3212,train
3213,valid
3214,train
3215,train
3216,train
3217,train
3218,train
3219,train
3220,train
3221,train
3222,valid
3223,train
3224,train
3225,train
3226,train
3227,test
3230,valid
3231,train
3232,train
3233,test
3234,train
3235,train
3236,train
3237,train
3238,train
3239,train
3240,train
3241,train
3242,train
3244,train
3245,valid
3246,train
3247,train
3248,test
3249,test
3251,train
3252,train
3253,train
3254,valid
3255,train
3256,valid
3257,train
3258,train
3259,train
3260,train
3261,train
3262,train
3263,valid
3264,train
3265,train
3266,train
3267,test
3268,train
3269,valid
3270,valid
3271,train
3273,valid
3274,train
3275,train
3276,train
3277,train
3278,train
3279,valid
3281,train
3282,valid
3283,train
3284,test
3285,train
3286,train
3287,valid
3288,valid
3289,test
3290,train
3291,train
3292,train
3293,valid
3294,test
3295,train
3296,train
3297,train
3298,train
3299,valid
3301,test
3302,valid
3303,train
3304,valid
3305,train
3306,train
3307,train
3308,valid
3309,test
3310,train
3312,train
3313,train
3314,train
3315,valid
3317,test
3318,test
3319,train
3320,test
3321,test
3322,valid
3323,train
3325,train
3326,valid
3327,test
3328,train
3329,train
3330,train
3331,train
3332,valid
3333,test
3334,train
3335,test
3336,test
3337,train
3338,train
3339,train
3340,train
3341,train
3342,train
3343,train
3344,train
3345,valid
3346,train
3347,train
3348,train
3350,train
3351,valid
3352,valid
3353,train
3354,train
3355,train
3356,valid
3357,train
3358,test
3360,train
3361,train
3362,train
3363,train
3364,train
3365,valid
3367,valid
3368,train
3369,train
3370,test
3371,train
3372,valid
3373,train
3374,train
3375,valid
3376,valid
3377,train
3378,test
3379,valid
3380,train
3381,train
3382,train
3383,train
3384,test
3385,valid
3386,train
3387,train
3388,train
3389,train
3390,valid
3393,train
3395,test
3396,train
3397,test
3398,valid
3399,train
3400,train
3402,test
3403,train
3405,train
3406,train
3407,valid
3409,train
3410,train
3411,valid
3412,train
3413,train
3414,test
3415,train
3417,train
3418,valid
3419,train
3420,train
3422,test
3423,train
3424,train
3425,valid
3426,train
3427,test
3428,train
3429,test
3430,train
3431,train
3432,train
3433,valid
3434,train
3435,train
3436,test
3437,train
3438,valid
3439,train
3440,train
3441,train
3442,train
3443,train
3444,train
3445,valid
3447,test
3448,train
3449,train
3450,train
3451,train
3452,train
3453,valid
3454,test
3456,train
3457,valid
3459,valid
3460,train
3461,train
3462,train
3463,train
3464,test
3465,train
3466,valid
3467,train
3469,valid
3470,train
3472,valid
3473,train
3474,valid
3475,train
3477,train
3478,train
3479,train
3480,train
3481,valid
3482,train
3483,valid
3484,test
3485,valid
3487,train
3488,train
3490,train
3491,train
3493,train
3494,train
3496,test
3497,valid
3498,test
3499,test
3500,valid
3501,valid
3502,train
3503,valid
3504,train
3505,train
3506,train
3507,test
3508,train
3509,train
3510,train
3511,train
3512,test
3513,train
3514,valid
3515,train
3516,train
3517,valid
3518,train
3519,valid
3520,valid
3521,test
3522,train
3523,train
3524,test
3525,test
3526,train
3527,test
3528,train
3529,train
3530,train
3531,test
3532,valid
3533,train
3535,train
3536,valid
3537,train
3538,test
3539,train
3540,train
3541,train
3542,train
3543,test
3544,valid
3545,train
3546,test
3547,train
3548,train
3550,train
3551,train
3552,train
3553,valid
3554,train
3555,train
3556,train
3557,train
3558,test
3559,train
3560,train
3561,train
3562,train
3563,train
3564,train
3565,train
3566,valid
3567,train
3568,train
3569,test
3570,test
3571,train
3572,train
3573,valid
3574,train
3575,train
3576,valid
3577,train
3578,train
3579,valid
3580,train
3581,train
3582,train
3583,train
3584,train
3587,valid
3588,train
3589,valid
3590,test
3591,valid
3592,train
3593,train
3595,train
3596,test
3597,train
3598,test
3599,train
3600,train
3601,train
3602,train
3603,test
3604,train
3605,test
3606,test
3607,valid
3608,valid
3609,train
3611,train
3612,train
3613,test
3614,valid
3615,test
3616,train
3617,train
3618,train
3619,train
3620,train
3621,valid
3622,train
3623,train
3624,test
3626,test
3627,train
3630,train
3631,train
3632,train
3633,train
3634,train
3635,test
3636,train
3637,train
3638,train
3639,train
3640,train
3641,test
3642,valid
3643,train
3644,train
3645,train
3646,train
3647,train
3648,train
3650,valid
3651,train
3652,valid
3653,train
3654,train
3655,train
3656,test
3657,train
3658,train
3659,train
3660,train
3661,train
3662,test
3663,test
3664,train
3665,train
3666,valid
3667,train
3668,train
3669,train
3670,train
3671,train
3672,train
3673,test
3674,train
3676,test
3677,valid
3678,train
3679,train
3682,train
3683,train
3684,train
3685,train
3686,train
3687,train
3688,train
3689,train
3690,train
3691,valid
3692,valid
3694,train
3695,train
3696,train
3697,train
3699,train
3700,test
3701,train
3702,train
3703,test
3704,train
3705,train
3706,train
3707,valid
3708,train
3711,train
3712,train
3713,train
3714,train
3715,train
3716,valid
3717,train
3718,train
3719,valid
3720,train
3721,test
3722,test
3723,valid
3724,train
3725,test
3726,test
3727,test
3728,train
3729,train
3731,train
3732,train
3734,train
3735,train
3736,test
3737,valid
3738,valid
3739,valid
3740,train
3742,valid
3743,valid
3744,valid
3745,train
3746,train
3747,train
3748,train
3749,train
3750,train
3751,test
3752,valid
3753,train
3754,train
3756,train
3759,train
3760,train
3761,test
3762,test
3764,train
3765,train
3766,train
3767,valid
3768,train
3769,test
3771,train
3772,test
3773,train
3774,test
3775,test
3777,train
3778,train
3779,valid
3780,test
3781,test
3782,train
3783,train
3784,train
3785,valid
3786,train
3788,train
3789,train
3790,train
3791,test
3792,train
3793,train
3794,test
3795,train
3796,train
3797,train
3798,train
3800,train
3801,valid
3802,train
3803,test
3804,valid
3805,train
3806,test
3807,train
3808,train
3809,test
3810,train
3811,test
3812,valid
3813,train
3814,train
3815,train
3816,train
3817,train
3818,train
3819,train
3820,train
3821,train
3822,train
3823,train
3824,test
3825,train
3826,train
3827,train
3828,train
3829,valid
3830,test
3831,train
3832,valid
3835,test
3836,valid
3837,test
3838,valid
3839,train
3840,valid
3841,train
3842,train
3843,valid
3844,train
3845,train
3846,train
3847,test
3849,valid
3850,train
3851,train
3852,train
3853,train
3854,train
3855,train
3856,train
3857,train
3858,train
3859,train
3860,valid
3861,train
3862,valid
3863,train
3864,train
3865,train
3866,valid
3867,valid
3868,train
3869,train
3870,train
3871,valid
3872,train
3873,valid
3874,train
3875,train
3876,train
3877,train
3878,train
3879,test
3880,train
3881,train
3884,train
3885,train
3886,train
3887,train
3888,train
3889,valid
3890,test
3891,train
3892,train
3893,valid
3894,train
3895,train
3896,train
3897,train
3898,train
3900,train
3902,test
3903,train
3904,train
3905,valid
3906,valid
3907,train
3908,train
3909,test
3910,train
3911,valid
3912,valid
3914,train
3916,train
3917,valid
3918,train
3919,train
3920,train
3921,train
3923,test
3924,train
3925,train
3926,valid
3927,valid
3928,train
3929,train
3930,test
3931,train
3932,train
3933,valid
3934,train
3935,train
3936,train
3937,train
3938,train
3939,test
3940,train
3941,valid
3942,train
3943,valid
3945,train
3946,train
3947,test
3948,train
3949,valid
3950,train
3951,train
3952,train
3953,train
3954,valid
3955,train
3956,valid
3957,train
3958,train
3959,train
3960,valid
3961,train
3962,train
3963,train
3964,valid
3965,train
3967,test
3968,train
3969,train
3970,train
3971,test
3972,train
3973,valid
3974,train
3975,train
3976,train
3977,train
3979,train
3980,valid
3981,train
3982,train
3983,train
3984,train
3985,valid
3986,valid
3988,valid
3989,test
3990,train
3991,train
3993,train
3994,train
3995,train
3996,valid
3997,train
3998,train
3999,valid
4000,train
4001,train
4002,train
4003,train
4005,train
4006,valid
4007,train
4008,train
4009,valid
4010,train
4013,test
4015,valid
4016,train
4017,train
4018,train
4019,valid
4020,train
4021,train
4022,train
4023,train
4024,train
4025,train
4026,train
4027,valid
4028,train
4029,train
4030,train
4031,train
4032,train
4033,train
4034,test
4035,valid
4036,test
4037,train
4038,valid
4039,train
4041,train
4043,train
4044,train
4045,train
4046,train
4047,train
4048,train
4049,train
4050,train
4051,valid
4052,test
4053,train
4054,train
4055,train
4056,train
4057,train
4058,train
4059,train
4060,train
4061,train
4062,valid
4063,valid
4064,valid
4065,test
4066,train
4067,valid
4068,valid
4069,test
4070,train
4071,train
4072,valid
4073,train
4074,train
4075,valid
4077,test
4078,train
4079,train
4080,train
4081,train
4082,train
4084,train
4085,train
4086,train
4087,train
4089,train
4090,test
4091,train
4092,test
4093,train
4094,valid
4095,train
4096,train
4097,test
4098,train
4099,train
4100,train
4101,train
4102,valid
4105,valid
4106,valid
4107,train
4109,test
4110,train
4111,train
4112,train
4113,valid
4114,train
4115,train
4116,train
4118,test
4119,test
4120,train
4121,train
4122,test
4123,train
4124,test
4125,train
4126,valid
4127,train
4130,train
4131,test
4132,test
4133,train
4134,test
4135,test
4136,valid
4137,train
4138,train
4139,train
4141,train
4142,train
4143,train
4144,train
4145,train
4146,test
4147,train
4148,valid
4149,valid
4150,valid
4151,train
4152,train
4153,test
4155,train
4156,train
4157,valid
4158,valid
4159,train
4160,train
4161,test
4163,test
4164,train
4165,train
4166,train
4167,train
4168,train
4170,train
4171,train
4172,train
4174,train
4175,train
4176,train
4177,train
4178,test
4179,train
4180,train
4181,train
4182,train
4183,train
4185,train
4186,train
4187,train
4188,train
4189,test
4190,test
4192,test
4193,train
4194,train
4195,train
4197,train
4200,train
4202,train
4203,test
4204,train
4205,train
4206,train
4207,train
4208,train
4209,train
4210,test
4211,train
4212,train
4213,train
4214,test
4215,train
4216,train
4217,train
4218,test
4219,train
4220,train
4221,train
4223,test
4224,test
4225,valid
4226,train
4227,valid
4228,train
4229,valid
4230,train
4231,train
4232,train
4234,train
4236,train
4238,test
4239,train
4240,test
4241,test
4242,train
4243,train
4245,test
4246,valid
4247,train
4248,train
4249,test
4250,train
4251,train
4252,valid
4253,train
4254,train
4255,train
4256,test
4257,test
4258,valid
4261,train
4262,train
4263,valid
4264,test
4265,test
4266,test
4267,train
4268,train
4269,train
4270,valid
4271,test
4272,train
4273,test
4274,test
4275,train
4276,train
4277,train
4278,test
4279,train
4280,test
4282,train
4283,train
4284,test
4285,train
4286,train
4287,test
4288,train
4289,train
4290,train
4291,train
4292,valid
4293,train
4294,train
4295,valid
4298,train
4301,train
4302,train
4303,train
4304,train
4305,train
4306,valid
4307,train
4308,train
4309,train
4310,test
4312,train
4313,valid
4314,train
4315,valid
4316,train
4317,train
4318,test
4319,train
4320,train
4321,train
4322,train
4323,test
4324,train
4326,train
4327,train
4328,train
4329,valid
4330,train
4331,train
4332,valid
4333,train
4334,train
4335,train
4336,train
4337,train
4338,train
4339,train
4340,train
4341,train
4342,train
4343,train
4344,train
4345,train
4346,train
4347,train
4349,valid
4350,test
4351,train
4353,train
4354,train
4355,train
4357,train
4358,train
4359,train
4360,test
4361,train
4362,train
4363,test
4364,test
4365,train
4366,train
4367,train
4368,train
4369,valid
4370,train
4371,train
4373,train
4374,test
4375,train
4376,train
4377,train
4378,train
4379,train
4380,train
4381,train
4382,train
4383,train
4384,train
4385,train
4386,test
4387,train
4388,valid
4389,train
4390,valid
4393,valid
4394,train
4395,train
4396,valid
4397,train
4398,valid
4399,valid
4400,train
4401,valid
4402,train
4403,valid
4404,train
4405,train
4406,train
4407,train
4408,train
4409,valid
4410,test
4411,train
4412,train
4413,train
4415,train
4416,valid
4417,train
4418,train
4419,train
4420,test
4422,train
4423,test
4424,train
4425,train
4426,train
4427,test
4428,train
4429,train
4430,train
4431,train
4432,train
4433,train
4434,train
4435,train
4436,train
4438,test
4439,train
4440,train
4441,test
4442,train
4443,train
4444,train
4445,train
4446,valid
4447,train
4448,test
4449,train
4451,test
4452,train
4453,train
4454,train
4455,train
4457,train
4458,train
4459,valid
4460,train
4461,test
4462,valid
4463,test
4464,train
4466,train
4467,train
4469,train
4470,train
4471,valid
4472,valid
4473,test
4474,valid
4475,train
4476,train
4477,train
4478,test
4479,test
4480,train
4481,train
4482,train
4483,train
4484,test
4485,train
4486,train
4487,train
4488,train
4489,train
4490,train
4491,train
4492,train
4493,test
4494,train
4495,train
4496,test
4497,test
4499,train
4500,train
4501,train
4502,train
4503,train
4505,train
4506,train
4507,test
4508,train
4509,valid
4510,test
4511,train
4512,train
4513,train
4514,train
4515,train
4516,train
4518,valid
4519,train
4520,train
4521,train
4522,train
4523,train
4524,train
4525,valid
4526,train
4527,train
4528,train
4529,train
4530,train
4531,train
4532,train
4533,train
4534,train
4535,valid
4536,train
4538,train
4539,train
4540,train
4541,train
4542,train
4543,valid
4544,train
4545,train
4546,train
4547,train
4548,valid
4550,train
4551,valid
4552,train
4553,train
4554,valid
4555,train
4557,train
4558,train
4559,train
4560,train
4561,train
4562,test
4563,train
4564,train
4565,train
4567,valid
4568,train
4569,train
4570,train
4571,train
4572,valid
4573,train
4574,train
4575,train
4576,valid
4577,train
4578,valid
4580,valid
4581,train
4582,train
4583,valid
4585,valid
4586,test
4588,valid
4589,train
4590,test
4593,train
4594,train
4595,train
4596,train
4597,valid
4598,test
4599,train
4600,valid
4601,train
4602,test
4603,test
4604,train
4605,train
4606,train
4607,test
4608,test
4609,train
4610,train
4611,train
4612,train
4613,train
4614,test
4615,valid
4616,train
4617,train
4618,train
4619,test
4621,test
4622,train
4623,valid
4624,train
4625,train
4626,test
4627,train
4629,train
4630,test
4631,test
4632,train
4634,train
4635,valid
4636,valid
4637,test
4639,train
4640,train
4641,train
4642,test
4643,train
4644,valid
4646,train
4647,train
4648,train
4649,train
4651,test
4652,train
4653,train
4654,train
4656,train
4657,train
4659,test
4661,train
4662,valid
4663,train
4664,test
4665,valid
4666,train
4667,test
4668,valid
4669,train
4670,train
4671,train
4672,train
4674,train
4675,test
4676,valid
4677,test
4678,train
4679,train
4680,valid
4681,train
4682,train
4683,train
4684,train
4686,train
4687,train
4688,train
4689,test
4690,train
4691,train
4692,train
4693,test
4695,train
4696,test
4697,train
4698,train
4700,train
4702,train
4703,train
4704,train
4705,train
4706,train
4707,train
4708,train
4709,train
4710,test
4711,train
4712,test
4713,valid
4714,train
4715,train
4716,test
4717,train
4718,train
4720,test
4721,valid
4722,valid
4723,test
4724,valid
4725,valid
4726,test
4727,valid
4728,test
4729,train
4730,valid
4731,test
4732,valid
4733,test
4734,train
4736,valid
4737,train
4738,valid
4739,train
4740,train
4741,test
4742,test
4745,test
4747,train
4748,train
4749,test
4750,train
4751,train
4752,train
4753,train
4754,train
4755,train
4756,train
4757,train
4758,train
4760,train
4761,valid
4762,train
4763,train
4764,train
4765,valid
4766,train
4767,train
4768,train
4769,train
4770,valid
4771,train
4772,test
4774,train
4775,train
4777,train
4778,train
4779,train
4780,valid
4781,test
4782,test
4783,train
4784,valid
4785,train
4786,valid
4787,train
4788,test
4789,train
4790,train
4791,train
4792,train
4793,train
4794,train
4795,train
4796,train
4797,train
4798,train
4799,train
4800,train
4801,train
4802,train
4804,train
4805,train
4806,train
4807,valid
4808,train
4809,test
4810,train
4811,train
4812,train
4813,train
4814,train
4816,test
4817,train
4818,test
4819,test
4820,train
4821,train
4822,train
4823,train
4824,test
4825,train
4826,train
4827,train
4828,train
4829,train
4830,train
4831,train
4832,train
4833,train
4834,train
4835,train
4836,train
4837,train
4838,train
4839,train
4840,train
4841,test
4842,train
4843,test
4844,train
4846,test
4847,train
4849,train
4850,test
4851,train
4852,train
4853,valid
4854,valid
4855,test
4856,train
4857,train
4858,train
4860,train
4861,train
4862,valid
4863,train
4865,train
4866,train
4867,valid
4868,train
4870,train
4871,train
4872,valid
4873,train
4874,train
4875,valid
4876,train
4877,train
4878,train
4880,train
4881,test
4882,valid
4883,test
4885,train
4886,valid
4887,train
4889,train
4891,train
4892,train
4893,valid
4894,valid
4896,train
4897,train
4899,train
4900,test
4901,train
4902,valid
4903,test
4904,train
4905,train
4906,valid
4907,train
4908,test
4909,train
4910,test
4911,valid
4912,train
4913,train
4914,test
4915,train
4916,train
4917,train
4919,valid
4920,test
4921,train
4922,train
4924,train
4925,train
4926,train
4927,train
4928,train
4929,test
4931,train
4932,train
4933,train
4934,train
4935,test
4936,test
4937,train
4938,test
4939,train
4940,train
4941,valid
4942,test
4943,train
4944,train
4945,train
4946,train
4947,train
4949,train
4950,train
4951,train
4952,valid
4953,train
4954,test
4955,train
4956,train
4957,train
4958,train
4959,train
4960,test
4961,train
4964,train
4965,train
4966,test
4967,train
4968,train
4969,valid
4970,train
4971,train
4972,test
4973,test
4974,train
4975,test
4976,train
4977,valid
4979,train
4980,train
4981,train
4982,train
4983,test
4984,train
4985,train
4986,train
4987,train
4988,train
4989,valid
4990,test
4991,train
4992,train
4993,train
4994,test
4995,train
4996,train
4997,train
4998,train
4999,train
5000,test
5001,train
5002,train
5003,valid
5004,valid
5005,train
5006,valid
5007,train
5008,valid
5009,test
5010,train
5011,train
5013,train
5014,test
5015,train
5016,valid
5017,train
5019,valid
5020,train
5021,test
5022,valid
5023,train
5024,train
5025,train
5026,valid
5027,valid
5028,valid
5029,valid
5030,valid
5032,train
5033,train
5034,train
5035,test
5036,train
5038,valid
5039,train
5040,test
5041,train
5042,train
5043,test
5044,valid
5045,train
5047,train
5048,train
5049,train
5051,train
5052,test
5053,test
5054,train
5056,train
5057,valid
5058,valid
5059,valid
5060,train
5061,train
5062,test
5063,train
5064,valid
5065,valid
5066,train
5067,test
5068,train
5069,train
5070,valid
5071,train
5072,train
5073,test
5074,train
5076,train
5077,train
5078,train
5079,test
5080,valid
5081,train
5082,train
5083,train
5084,valid
5085,train
5086,test
5087,train
5088,train
5089,train
5090,train
5091,test
5092,train
5094,train
5095,train
5096,test
5097,train
5098,train
5099,train
5100,test
5101,valid
5102,train
5103,test
5104,train
5105,train
5108,train
5109,train
5111,train
5112,train
5113,test
5114,train
5115,train
5116,train
5117,train
5118,train
5119,train
5120,train
5121,train
5122,valid
5123,train
5124,valid
5125,train
5126,train
5127,train
5128,train
5129,train
5130,train
5132,test
5133,valid
5134,train
5135,train
5136,valid
5137,train
5138,train
5139,train
5140,train
5141,train
5142,valid
5144,train
5145,train
5146,train
5147,train
5148,train
5149,valid
5150,train
5151,train
5152,train
5153,train
5154,train
5155,train
5156,train
5157,train
5158,valid
5159,train
5160,test
5161,train
5162,train
5163,valid
5164,train
5165,train
5167,valid
5168,train
5169,train
5170,train
5171,valid
5172,train
5174,test
5175,train
5176,train
5179,valid
5180,test
5181,train
5182,test
5183,train
5185,test
5186,train
5187,valid
5188,train
5189,train
5191,valid
5192,test
5194,test
5195,valid
5196,train
5197,valid
5199,train
5200,train
5201,train
5202,train
5204,train
5206,train
5207,valid
5209,valid
5210,test
5211,train
5212,train
5213,train
5214,train
5215,test
5219,test
5220,train
5221,train
5222,train
5223,train
5224,train
5225,valid
5226,train
5229,train
5230,train
5231,train
5232,valid
5233,train
5235,train
5236,train
5237,train
5239,train
5240,valid
5241,train
5242,train
5244,train
5245,train
5246,train
5247,train
5248,valid
5250,test
5251,train
5252,valid
5253,train
5254,test
5255,train
5256,train
5257,train
5258,train
5260,train
5261,train
5262,test
5263,train
5264,train
5265,train
5267,train
5268,train
5269,train
5270,train
5272,train
5273,train
5274,train
5275,test
5276,train
5277,test
5278,train
5279,train
5282,test
5283,train
5284,test
5285,train
5288,train
5289,train
5290,valid
5291,train
5292,train
5293,test
5294,train
5295,train
5296,train
5297,train
5298,train
5299,train
5300,test
5301,test
5302,train
5304,train
5305,train
5306,train
5307,valid
5308,train
5309,train
5310,train
5311,train
5312,train
5313,train
5314,train
5315,train
5318,train
5319,valid
5320,valid
5321,train
5322,train
5323,train
5324,valid
5325,train
5326,train
5327,test
5328,test
5329,train
5330,train
5331,train
5332,train
5333,train
5334,train
5335,train
5336,test
5337,train
5338,train
5339,valid
5340,valid
5341,test
5342,train
5343,train
5344,train
5345,train
5346,train
5347,train
5349,train
5350,train
5351,train
5352,test
5353,train
5354,valid
5355,valid
5356,train
5357,train
5358,train
5360,train
5361,train
5362,train
5363,train
5364,train
5365,train
5366,train
5369,train
5370,test
5371,test
5372,valid
5373,train
5374,valid
5375,train
5378,train
5379,train
5380,valid
5381,train
5382,valid
5383,train
5384,train
5385,valid
5386,train
5387,train
5389,valid
5390,train
5392,train
5393,train
5394,test
5395,train
5396,train
5397,test
5398,valid
5399,test
5400,train
5401,train
5402,train
5403,train
5404,train
5405,train
5406,train
5407,test
5408,train
5409,test
5410,train
5411,valid
5412,train
5413,train
5414,train
5415,train
5416,train
5417,train
5418,test
5419,train
5420,train
5421,train
5422,train
5423,test
5424,train
5426,train
5428,train
5429,train
5430,train
5431,train
5432,train
5433,train
5434,train
5435,train
5436,train
5437,train
5438,test
5439,valid
5440,train
5441,train
5442,train
5443,valid
5444,train
5445,train
5446,train
5447,test
5448,test
5449,train
5450,train
5451,valid
5452,valid
5453,test
5454,train
5455,valid
5456,train
5457,train
5458,valid
5461,valid
5463,train
5464,test
5465,train
5466,train
5467,train
5468,test
5470,train
5472,train
5474,test
5475,train
5476,train
5477,train
5478,train
5480,train
5481,valid
5482,train
5483,train
5484,train
5485,train
5486,valid
5487,train
5488,train
5489,train
5491,valid
5493,train
5494,train
5495,train
5496,train
5497,train
5498,test
5500,train
5501,train
5502,valid
5504,train
5505,train
5506,train
5507,train
5508,train
5509,train
5510,train
5511,test
5513,valid
5514,train
5515,valid
5516,valid
5517,train
5518,train
5519,valid
5520,train
5521,test
5522,train
5523,train
5524,train
5525,train
5527,valid
5528,train
5529,train
5530,train
5531,train
5532,valid
5533,train
5534,train
5535,train
5536,train
5538,train
5539,valid
5540,test
5542,valid
5543,train
5544,test
5545,train
5546,train
5547,valid
5548,train
5549,test
5550,train
5551,train
5552,test
5553,train
5554,test
5556,train
5557,test
5558,train
5559,train
5561,train
5562,train
5563,train
5564,valid
5565,train
5566,valid
5567,train
5568,train
5569,valid
5570,train
5571,train
5572,train
5573,train
